idPasajero,idTipoPasajero,Nombres,Apellidos,Pasaporte,FechaNacimiento
"",1,Tye,Weerdenburg,631496351,1957/08/23
"",3,Audrie,Nuttall,247764759,1965/09/30
"",3,Leyla,Bellfield,674111889,1992/04/21
"",2,Muhammad,Sappell,821425108,2019/04/16
"",1,Laney,Hampstead,313482788,1960/06/19
"",2,Hercules,Limpenny,194272372,1993/03/21
"",2,Glenda,Abbott,308478588,2012/12/20
"",2,Cordie,Orpwood,697626059,2015/03/16
"",3,Hewe,Drivers,718247316,2003/01/12
"",1,Kay,Berth,645329045,1962/09/05
"",3,Hillie,Jotham,958149858,2012/08/09
"",1,Benyamin,Acey,112112153,1983/07/24
"",3,Dorie,Ganter,501386267,1955/04/16
"",3,Inge,Olivari,684987639,1953/07/15
"",2,David,Rylatt,570756746,1997/05/04
"",1,Esme,Martell,610814031,1997/06/25
"",1,Ardelis,Scatchar,708457698,1991/11/11
"",3,Darcy,Clink,609531054,2000/07/22
"",1,Ryun,Breit,997856626,1952/09/12
"",2,Aubrie,Ollarenshaw,769020099,1969/05/30
"",2,Bobbie,Meddick,991415055,1992/09/25
"",1,Patsy,Bogue,137689503,2012/08/19
"",2,Crissy,Lant,763408315,2013/06/04
"",1,Liuka,Danzig,337829893,2011/09/24
"",2,Laurene,Hasson,108225461,1951/05/01
"",1,Nathaniel,Sansam,699159092,1959/10/25
"",2,Darius,Lardier,169241238,1995/08/06
"",2,Trevar,Moody,318055875,2016/09/06
"",3,Hadleigh,Rohlf,412410717,1958/11/07
"",2,Hannie,Woodford,396938718,1969/04/01
"",3,Aylmar,Benka,327825913,1996/02/23
"",2,Marilee,Cremer,679095273,1984/01/30
"",2,Maxy,Ketchaside,115665915,1953/10/26
"",3,Hamilton,Older,683066674,2002/02/21
"",1,Donia,Vassay,393142022,1992/12/22
"",1,Jerome,Fripps,961711532,1951/11/03
"",1,Dorelia,Jeanenet,539980173,1961/04/05
"",3,Merridie,Knevit,800609338,1951/11/24
"",1,Mikaela,Baytrop,753670304,2014/06/06
"",1,Simmonds,Davall,175541880,1980/11/26
"",1,Hobard,Deakins,496695226,1970/02/10
"",3,Mariana,Purple,159386097,1968/11/09
"",3,Ichabod,Addess,484452788,1992/08/28
"",1,Cordi,Bowers,783796373,1990/07/14
"",2,Georgeta,Sherlock,145717661,2004/01/17
"",3,Clywd,Godney,123561439,1969/02/02
"",2,Loraine,Surcomb,687796795,2010/10/09
"",2,Cathie,Aspin,397422328,1988/08/07
"",1,Jerrie,Tapley,053448423,2012/12/01
"",1,Miranda,Scini,462186151,1981/11/21
"",2,Audi,Barehead,342589232,1965/08/23
"",1,Viole,Steart,799369927,2018/12/22
"",2,Tabitha,Kelshaw,429695546,1983/07/05
"",3,Cynthea,Chrisp,196362478,1961/12/03
"",3,Roobbie,Songhurst,656468176,2019/01/12
"",2,Stephie,Bleasdale,543131458,1998/06/18
"",2,Belinda,Records,368392228,2020/07/31
"",2,Ulla,Crippes,470868901,1954/08/20
"",1,Christina,Loving,803660343,2007/11/24
"",1,Philis,MacFadyen,341897251,1988/11/21
"",1,Elna,Gino,959570777,1970/04/30
"",1,Cammy,Havard,846340130,2003/11/02
"",1,Alexio,Sweetenham,183198677,1958/06/18
"",2,Rafael,Magrannell,732983519,1973/10/09
"",2,Von,Cape,923519010,1987/07/29
"",1,Pennie,Cisneros,878182588,1957/06/13
"",3,Northrop,Redish,934753288,1953/09/20
"",1,Tudor,Tivolier,288135371,1989/04/22
"",3,Loralie,Coltart,812923041,2006/03/04
"",2,Christan,Britney,093285646,2003/08/25
"",1,Ulric,Schelle,563894127,1959/08/19
"",3,Wyn,Grimbaldeston,380809751,2021/03/27
"",1,Barny,Goodfield,301715785,1977/08/27
"",3,Napoleon,Sagerson,675263975,2003/12/30
"",1,Virginia,Gribbin,941492282,1950/01/26
"",3,Lynette,Tacker,825879539,1964/04/02
"",3,Cthrine,Donati,854172573,2001/04/11
"",2,Cymbre,Provis,945753042,1989/11/03
"",2,Allan,Willas,360055474,1982/01/24
"",2,Phebe,Purbrick,234225410,1950/09/12
"",1,Roch,Yukhnev,475669348,1960/01/25
"",3,Christine,Lyons,997479186,1968/06/26
"",2,Euphemia,Studman,700589057,1971/01/17
"",2,Cilka,Vaan,197887826,1986/12/07
"",2,Rae,Kemball,131364819,1991/11/13
"",3,Erma,Kaasman,160311830,2020/01/16
"",1,Roze,Durman,415950192,1988/03/17
"",3,Wit,MacPhail,505406703,1989/10/19
"",3,Edythe,Heningam,390117884,1974/04/25
"",1,Becca,Shingfield,809449158,1971/07/31
"",1,Albertine,Aimable,565924418,2015/07/03
"",3,Barde,Jako,441782271,1979/06/11
"",1,Tedmund,Yakobowitch,312921469,1989/11/13
"",2,Olav,O'Loughnan,855592891,1966/11/09
"",3,Michaeline,Flemmich,571402548,2019/02/27
"",2,Charmine,Bruckenthal,534599267,2005/01/05
"",1,Murry,Songust,127331906,2013/12/08
"",3,Georgianna,Sikorski,447978339,1973/08/27
"",1,Reilly,Bettley,591551750,2009/04/29
"",1,Fidelio,Eddies,494194177,1978/04/29
